<?xml version="1.0" encoding="utf-8"?>
<selector xmlns:android="http://schemas.android.com/apk/res/android">

    <item>
        <layer-list>
            <item>
                <shape>

                    <padding android:bottom="30dp" android:left="3dp" android:right="3dp" android:top="3dp"/>
                </shape>
            </item>
            <item>
                <bitmap android:gravity="bottom|right" android:src="@drawable/down_arrow"/> // you can place your dropdown image
            </item>
        </layer-list>
    </item>

</selector>